{
    "teil-mathe": [
        {"a":"x^2+x^2",             "l":["2x^2","x^4","x^8","2x^4"]},
        {"a":"2x^2+x^2",            "l":["3x^2","x^4","x^8","2x^4"]},
        {"a":"2x^2*x^2",            "l":["2x^4","x^4","x^8","2x^4"]},
        {"a":"\\sin(\\pi/2)",       "l":["1","0","-1","\\pi"]},
        {"a":"x^2*x^2",             "l":["x^4","x^2","2x^2","4x"]},
        {"a":"e^1",                 "l":["2.718","3.141","-2.718","0"]},
        {"a":"e^0",                 "l":["1","-1","0","\\pi"]},
        {"a":"\\sin(\\pi)",         "l":["0","2","1","\\pi/2"]},
        {"a":"\\cos(\\pi)",         "l":["-1","0","1","\\pi"]},
        {"a":"\\cos(\\pi/2)",       "l":["0","-1","1","\\pi/3"]},
        {"a":"e^{\\frac{1}{2}}",    "l":["\\sqrt{e}","\\sqrt[3]{e}","\\sqrt[4]{e}","\\sqrt[3]{\\pi}"]}
     ],
    
     "teil-allgemein": [
       {"a":"Sokrates, Geburtsjahr",                  "l":["469 v. Chr.","120 v. Chr.","112","230 v. Chr."]},
       {"a":"Alexander der Grosse, Geburtsjahr",      "l":["356 v. Chr.","512 v. Chr.","230","531"]},
       {"a":"Hannibal, Geburtsjahr",                  "l":["247 v. Chr.","512 v. Chr.","51","131"]},
       {"a":"Karl der Grosse, Geburtsjahr",           "l":["747","828","650","1150"]},
       {"a":"Otto der Grosse, Geburtsjahr",           "l":["912","828","750","1150"]},
       {"a":"Barbarossa, Geburtsjahr",                "l":["1122","912","1312","713"]},
       {"a":"Dschingis Khan, Geburtsjahr",            "l":["1162","912","230","122 v. Chr."]},
       {"a":"Marco Polo, Geburtsjahr",                "l":["1254","912","230","1413"]},
       {"a":"Karl IV., Geburtsjahr",                  "l":["1316","1211","930","1413"]},
       {"a":"Gutenberg, Geburtsjahr",                 "l":["1400","1513","1623","1734"]},
       {"a":"Leonardo da Vinci, Geburtsjahr",         "l":["1452","1513","1623","1734"]},
       {"a":"Kopernikus, Geburtsjahr",                "l":["1473","1513","1623","1734"]},
       {"a":"Martin Luther, Geburtsjahr",             "l":["1483","1513","1623","1734"]},
       {"a":"Karl V., Geburtsjahr",                   "l":["1500","1513","1623","1734"]},
       {"a":"Shakespeare, Geburtsjahr",               "l":["1564","1513","1623","1734"]},
       {"a":"Johannes Kepler, Geburtsjahr",           "l":["1571","1513","1623","1734"]},
       {"a":"Ludwig XIV., Geburtsjahr",               "l":["1638","1805","1571","1763"]},
       {"a":"Isaac Newton, Geburtsjahr",              "l":["1643","1805","1577","1750"]},
       {"a":"Gottfried Wilhelm Leibniz, Geburtsjahr", "l":["1646","1805","1573","1742"]},
       {"a":"Johann Sebastian Bach, Geburtsjahr",     "l":["1685","1805","1570","1750"]},
       {"a":"Friedrich der Grosse, Geburtsjahr",      "l":["1712","1680","1820","1790"]},
       {"a":"Maria Theresia, Geburtsjahr",            "l":["1717","1680","1820","1790"]},
       {"a":"Immanuel Kant, Geburtsjahr",             "l":["1724","1680","1820","1790"]},
       {"a":"Goethe, Geburtsjahr",                    "l":["1749","1815","1670","1650"]},
       {"a":"Mozart, Geburtsjahr",                    "l":["1756","1815","1670","1650"]},
       {"a":"Napoleon I., Geburtsjahr",               "l":["1769","1682","1822","1791"]},
       {"a":"Alexander von Humboldt, Geburtsjahr",    "l":["1769","1682","1822","1791"]},
       {"a":"Beethoven, Geburtsjahr",                 "l":["1770","1820","1690","1650"]},
       {"a":"Otto von Bismarck, Geburtsjahr",         "l":["1815","1883","1792","1912"]},
       {"a":"Karl Marx, Geburtsjahr",                 "l":["1818","1883","1792","1912"]},
       {"a":"Mahatma Gandhi, Geburtsjahr",            "l":["1869","1883","1792","1912"]}
    ]  
}